"Номер товара";"Запчасть";"Цена";"Номер производителя";"Ткацкая (свободно)";"Ткацкая (резерв)";"Ткацкая (ожидается)";"54 YARD (свободно)";"54 YARD (резерв)";"54 YARD (ожидается)"
"107646";"суппорт";"2200";"4775020510";"1";"0";"0";"0";"0";"0"
"107639";"суппорт";"300";"4333019115";"1";"0";"0";"0";"0";"0"
"107638";"суппорт";"1500";"4775020640";"1";"0";"0";"0";"0";"0"
"107626";"суппорт";"3200";"43018S0KA01";"1";"0";"0";"0";"0";"0"
"107432";"суппорт";"4000";"44001W030P";"1";"0";"0";"0";"0";"0"
"107431";"суппорт";"3800";"44011W030P";"1";"0";"0";"0";"0";"0"
"107256";"суппорт";"2000";"4605A263";"1";"0";"0";"0";"0";"0"
"107243";"суппорт";"1800";"45018SS0A00";"1";"0";"0";"0";"0";"0"
"107123";"суппорт";"750";"4775044030";"1";"0";"0";"0";"0";"0"
"107122";"суппорт";"700";"4773044030";"1";"0";"0";"0";"0";"0"
"107081";"суппорт";"2000";"4605A263";"1";"0";"0";"0";"0";"0"
"107080";"суппорт";"2000";"4605A264";"1";"0";"0";"0";"0";"0"
"107053";"суппорт";"2000";"4775005071";"1";"0";"0";"0";"0";"0"
"107051";"суппорт";"1500";"4773005071";"1";"0";"0";"0";"0";"0"
"107037";"суппорт";"4800";"4785048050";"1";"0";"0";"0";"0";"0"
"107036";"суппорт";"4800";"4783048050";"1";"0";"0";"0";"0";"0"
"106979";"суппорт";"9500";"4773020550";"1";"0";"0";"0";"0";"0"
"106978";"суппорт";"9000";"4775020550";"1";"0";"0";"0";"0";"0"
"106971";"суппорт";"4000";"1691034";"1";"0";"0";"0";"0";"0"
"106969";"суппорт";"4500";"1761267";"1";"0";"0";"0";"0";"0"
"106955";"суппорт";"7000";"43019S0A023";"1";"0";"0";"0";"0";"0"
"106935";"суппорт";"6000";"4783048050";"1";"0";"0";"0";"0";"0"
"106934";"суппорт";"6000";"4785048050";"1";"0";"0";"0";"0";"0"
"106912";"суппорт";"3400";"MB858404";"1";"0";"0";"0";"0";"0"
"106911";"суппорт";"3400";"MB858405";"1";"0";"0";"0";"0";"0"
"106385";"суппорт";"2500";"4775020481";"1";"0";"0";"0";"0";"0"
"106384";"суппорт";"1500";"45019S7AN02";"1";"0";"0";"0";"0";"0"
"106383";"суппорт";"1800";"45018SS0A00";"1";"0";"0";"0";"0";"0"
"106355";"суппорт";"1100";"4605A258";"1";"0";"0";"0";"0";"0"
"106354";"суппорт";"1200";"4605A257";"1";"0";"0";"0";"0";"0"
"106353";"суппорт";"1000";"MR569126";"1";"0";"0";"0";"0";"0"
"106352";"суппорт";"8500";"4775021010";"1";"0";"0";"0";"0";"0"
"106349";"суппорт";"3000";"55101-54G11-999";"1";"0";"0";"0";"0";"0"
"106347";"суппорт";"500";"45018S87A02";"1";"0";"0";"0";"0";"0"
"106346";"суппорт";"2700";"4773020600";"1";"0";"0";"0";"0";"0"
"106345";"суппорт";"500";"45018S0A013";"1";"0";"0";"0";"0";"0"
"106241";"суппорт";"3000";"43018SZ3A01";"1";"0";"0";"0";"0";"0"
"106240";"суппорт";"7000";"4773021010";"1";"0";"0";"0";"0";"0"
"106239";"суппорт";"3400";"4773044020";"1";"0";"0";"0";"0";"0"
"106238";"суппорт";"3100";"55102-54G11-999";"1";"0";"0";"0";"0";"0"
"106237";"суппорт";"2500";"4775048140";"1";"0";"0";"0";"0";"0"
"106236";"суппорт";"1200";"4605A257";"1";"0";"0";"0";"0";"0"
"106235";"суппорт";"2500";"4773068010";"0";"1";"0";"0";"0";"0"
"106216";"суппорт";"4800";"45019SS0A00";"1";"0";"0";"0";"0";"0"
"106215";"суппорт";"3300";"4773048140";"1";"0";"0";"0";"0";"0"
"106214";"суппорт";"3000";"4773020640";"1";"0";"0";"0";"0";"0"
"106213";"суппорт";"3500";"4775044020";"1";"0";"0";"0";"0";"0"
"106212";"суппорт";"1500";"45019S7AN02";"1";"0";"0";"0";"0";"0"
"104699";"суппорт";"1000";"45019S87A02";"1";"0";"0";"0";"0";"0"
"104692";"суппорт";"2300";"4775005060";"1";"0";"0";"0";"0";"0"
"104685";"суппорт";"800";"45019S0A013";"1";"0";"0";"0";"0";"0"
"104673";"суппорт";"1150";"4605A258";"1";"0";"0";"0";"0";"0"
"104670";"суппорт";"2700";"4773005060";"1";"0";"0";"0";"0";"0"
"104597";"суппорт";"1300";"4785033210";"1";"0";"0";"0";"0";"0"
"104588";"суппорт";"1300";"4783033210";"1";"0";"0";"0";"0";"0"
"104560";"суппорт";"700";"4773044030";"1";"0";"0";"0";"0";"0"
"104557";"суппорт";"750";"4775044030";"1";"0";"0";"0";"0";"0"
"104399";"суппорт";"2700";"4775033210";"1";"0";"0";"0";"0";"0"
"104398";"суппорт";"3000";"4773033210";"1";"0";"0";"0";"0";"0"
"104368";"суппорт";"2000";"43019S0KA01";"1";"0";"0";"0";"0";"0"
"104359";"суппорт";"2000";"4775005071";"1";"0";"0";"0";"0";"0"
"104333";"суппорт";"1500";"4773005071";"1";"0";"0";"0";"0";"0"
"104195";"суппорт";"2000";"43019S7S000";"1";"0";"0";"0";"0";"0"
"104194";"суппорт";"3800";"43018S7S000";"1";"0";"0";"0";"0";"0"
"103418";"суппорт";"6000";"B2ZC-33-98Z";"1";"0";"0";"0";"0";"0"
"103247";"суппорт";"4800";"45019SS0A00";"1";"0";"0";"0";"0";"0"
"103227";"суппорт";"3800";"43019SZ3A01";"1";"0";"0";"0";"0";"0"
"103207";"суппорт";"2000";"4605A264";"1";"0";"0";"0";"0";"0"
"101485";"суппорт";"3500";"4775044020";"1";"0";"0";"0";"0";"0"
"101484";"суппорт";"3000";"55101-54G11-999";"1";"0";"0";"0";"0";"0"
"101482";"суппорт";"1900";"45018S5AJ02";"1";"0";"0";"0";"0";"0"
"101481";"суппорт";"800";"45018S7S000";"1";"0";"0";"0";"0";"0"
"101479";"суппорт";"3000";"4773022330";"1";"0";"0";"0";"0";"0"
"101478";"суппорт";"2500";"4775048140";"1";"0";"0";"0";"0";"0"
"101475";"суппорт";"2200";"4775020510";"1";"0";"0";"0";"0";"0"
"101474";"суппорт";"1800";"4775033340";"1";"0";"0";"0";"0";"0"
"101472";"суппорт";"3100";"55102-54G11-999";"1";"0";"0";"0";"0";"0"
"101414";"суппорт";"2700";"4773020600";"1";"0";"0";"0";"0";"0"
"101412";"суппорт";"3000";"26292AE020";"1";"0";"0";"0";"0";"0"
"101407";"суппорт";"1000";"45019S7S000";"1";"0";"0";"0";"0";"0"
"101404";"суппорт";"2800";"45018SHJA01";"1";"0";"0";"0";"0";"0"
"101400";"суппорт";"3500";"4773020480";"1";"0";"0";"0";"0";"0"
"101392";"суппорт";"2500";"4775020481";"1";"0";"0";"0";"0";"0"
"101386";"суппорт";"3000";"4775022330";"1";"0";"0";"0";"0";"0"
"101365";"суппорт";"1500";"45019S5AJ01";"1";"0";"0";"0";"0";"0"
"101349";"суппорт";"2000";"45019S5AJ02";"1";"0";"0";"0";"0";"0"
"101276";"суппорт";"3000";"4773020640";"1";"0";"0";"0";"0";"0"
"101213";"Суппорт (Уценка!)";"1100";"410114M400";"1";"0";"0";"0";"0";"0"
"101211";"Суппорт (Уценка!)";"1100";"4773033340";"1";"0";"0";"0";"0";"0"
"101182";"суппорт";"1500";"4775020640";"1";"0";"0";"0";"0";"0"
"98738";"суппорт";"2500";"45018T5C010";"1";"0";"0";"0";"0";"0"
"98346";"суппорт";"2500";"43019SWAA10";"0";"1";"0";"0";"0";"0"
"98291";"суппорт";"1200";"4775042090";"1";"0";"0";"0";"0";"0"
"98241";"суппорт";"1200";"4775030470";"1";"0";"0";"0";"0";"0"
"98240";"суппорт";"1200";"4773030470";"1";"0";"0";"0";"0";"0"
"98239";"суппорт";"8500";"4773020540";"1";"0";"0";"0";"0";"0"
"98237";"суппорт";"6000";"4773032170";"1";"0";"0";"0";"0";"0"
"98236";"суппорт";"4500";"4775032170";"1";"0";"0";"0";"0";"0"
"98165";"суппорт";"2500";"26692FE021";"1";"0";"0";"0";"0";"0"
"98162";"суппорт";"3000";"45019SHJA01";"1";"0";"0";"0";"0";"0"
"97997";"суппорт";"2000";"";"1";"0";"0";"0";"0";"0"
"97969";"суппорт";"2000";"4773032180";"1";"0";"0";"0";"0";"0"
"97965";"суппорт";"1500";"410114N000";"1";"0";"0";"0";"0";"0"
"97939";"суппорт";"3600";"B2ZC-33-99Z";"1";"0";"0";"0";"0";"0"
"97826";"суппорт";"2000";"4775032180";"1";"0";"0";"0";"0";"0"
"97819";"суппорт";"3500";"4775032160";"1";"0";"0";"0";"0";"0"
"97815";"суппорт";"500";"45019SDDA00";"1";"0";"0";"0";"0";"0"
"97813";"суппорт";"600";"45018SDDA00";"1";"0";"0";"0";"0";"0"
"97710";"суппорт";"950";"26692FE031";"1";"0";"0";"0";"0";"0"
"97697";"суппорт";"1100";"41011JN00A";"1";"0";"0";"0";"0";"0"
"97499";"суппорт";"2000";"4605A264";"1";"0";"0";"0";"0";"0"
"97498";"суппорт";"1850";"4605A263";"1";"0";"0";"0";"0";"0"
"97491";"суппорт";"1800";"4783042060";"1";"0";"0";"0";"0";"0"
"97489";"суппорт";"1900";"4785042060";"1";"0";"0";"0";"0";"0"
"97430";"суппорт";"1350";"4775028270";"1";"0";"0";"0";"0";"0"
"97385";"суппорт";"5000";"45018S9AE00";"1";"0";"0";"0";"0";"0"
"97362";"суппорт";"3500";"44001JN01B";"1";"0";"0";"0";"0";"0"
"97346";"суппорт";"3000";"44011JN01B";"1";"0";"0";"0";"0";"0"
"97267";"суппорт";"6000";"43018SEA000";"1";"0";"0";"0";"0";"0"
"97266";"суппорт";"7000";"43019SEA000";"1";"0";"0";"0";"0";"0"
"97257";"суппорт";"3700";"4605A477";"1";"0";"0";"0";"0";"0"
"97237";"суппорт";"900";"41001JN00A";"1";"0";"0";"0";"0";"0"
"97233";"суппорт";"3000";"45018SHJA01";"1";"0";"0";"0";"0";"0"
"97232";"суппорт";"2200";"4773032180";"1";"0";"0";"0";"0";"0"
"97227";"суппорт";"2000";"4775032180";"1";"0";"0";"0";"0";"0"
"97224";"суппорт";"1150";"4773042090";"1";"0";"0";"0";"0";"0"
"97174";"суппорт";"1400";"4783033210";"1";"0";"0";"0";"0";"0"
"97168";"суппорт";"1800";"4773033340";"1";"0";"0";"0";"0";"0"
"97138";"суппорт";"1600";"4785033210";"1";"0";"0";"0";"0";"0"
"97134";"суппорт";"3000";"4773033210";"1";"0";"0";"0";"0";"0"
"97131";"суппорт";"2700";"4775033210";"1";"0";"0";"0";"0";"0"
"97127";"суппорт";"3000";"43018SWAA10";"0";"1";"0";"0";"0";"0"
"97112";"суппорт";"3500";"43018S9AE00";"1";"0";"0";"0";"0";"0"
"97110";"суппорт";"3500";"43019S9AE00";"1";"0";"0";"0";"0";"0"
"97106";"суппорт";"1800";"4775033340";"1";"0";"0";"0";"0";"0"
"87713";"суппорт";"6000";"55102-65D20-999";"1";"0";"0";"0";"0";"0"
"87712";"суппорт";"7000";"55101-65D20-999";"1";"0";"0";"0";"0";"0"
"87662";"суппорт";"6500";"55102-65D20-999";"1";"0";"0";"0";"0";"0"
"87661";"суппорт";"6500";"55102-65D20-999";"1";"0";"0";"0";"0";"0"
"87515";"суппорт";"4500";"4775033160";"1";"0";"0";"0";"0";"0"
"87422";"суппорт";"5500";"4773033160";"1";"0";"0";"0";"0";"0"
"87144";"суппорт";"700";"4773044030";"1";"0";"0";"0";"0";"0"
"87126";"суппорт";"1500";"4773033340";"1";"0";"0";"0";"0";"0"
"87122";"суппорт";"1300";"4783033210";"1";"0";"0";"0";"0";"0"
"87036";"суппорт";"6000";"4775033100";"1";"0";"0";"0";"0";"0"
"87030";"суппорт";"1400";"4785033210";"1";"0";"0";"0";"0";"0"
"86926";"суппорт";"4500";"4773042010";"1";"0";"0";"0";"0";"0"
"86890";"суппорт";"4500";"44011JG00A";"1";"0";"0";"0";"0";"0"
"86731";"суппорт";"1200";"45018S0A941";"1";"0";"0";"0";"0";"0"
"86725";"суппорт";"3800";"4773033120";"1";"0";"0";"0";"0";"0"
"86724";"суппорт";"4500";"4773042010";"1";"0";"0";"0";"0";"0"
"86692";"суппорт";"3000";"55102-54G41-999";"1";"0";"0";"0";"0";"0"
"86691";"суппорт";"7500";"4775028150";"1";"0";"0";"0";"0";"0"
"86690";"суппорт";"1400";"41011JE00A";"1";"0";"0";"0";"0";"0"
"86684";"суппорт";"2500";"4773033111";"1";"0";"0";"0";"0";"0"
"86680";"суппорт";"2500";"4775033111";"1";"0";"0";"0";"0";"0"
"86679";"суппорт";"1300";"41001JE00A";"1";"0";"0";"0";"0";"0"
"86363";"суппорт";"2500";"4773033111";"1";"0";"0";"0";"0";"0"
"85654";"суппорт";"2500";"4775020481";"1";"0";"0";"0";"0";"0"
"85646";"суппорт";"1300";"45019S0A941";"1";"0";"0";"0";"0";"0"
"85642";"суппорт";"3400";"4775033120";"1";"0";"0";"0";"0";"0"
"84621";"суппорт";"7500";"440112Y003";"1";"0";"0";"0";"0";"0"
"83225";"суппорт";"1500";"4773033340";"1";"0";"0";"0";"0";"0"
"83140";"суппорт";"4000";"4773033120";"1";"0";"0";"0";"0";"0"
"83136";"суппорт";"1100";"4783033210";"1";"0";"0";"0";"0";"0"
"83134";"суппорт";"1500";"4775033340";"1";"0";"0";"0";"0";"0"
"83125";"суппорт";"6000";"4773033160";"1";"0";"0";"0";"0";"0"
"83124";"суппорт";"1200";"4605A258";"1";"0";"0";"0";"0";"0"
"83118";"суппорт";"2400";"4775020480";"1";"0";"0";"0";"0";"0"
"83115";"суппорт";"900";"4785033210";"1";"0";"0";"0";"0";"0"
"83095";"суппорт";"2000";"4605A263";"1";"0";"0";"0";"0";"0"
"83092";"суппорт";"5500";"4775012320";"1";"0";"0";"0";"0";"0"
"83088";"суппорт";"3500";"4775033120";"1";"0";"0";"0";"0";"0"
"82840";"суппорт";"4500";"45019SM4A00";"1";"0";"0";"0";"0";"0"
"82821";"суппорт";"5000";"45018SM4A00";"1";"0";"0";"0";"0";"0"
"82820";"суппорт";"3000";"55101-54G11-999";"1";"0";"0";"0";"0";"0"
"82814";"суппорт";"3100";"55102-54G11-999";"1";"0";"0";"0";"0";"0"
"82812";"суппорт";"1500";"4605A257";"1";"0";"0";"0";"0";"0"
"82642";"суппорт";"3400";"4775033120";"1";"0";"0";"0";"0";"0"
"82640";"суппорт";"5000";"4775033051";"1";"0";"0";"0";"0";"0"
"82638";"суппорт";"5000";"4773033051";"1";"0";"0";"0";"0";"0"
"82636";"суппорт";"2500";"4775020481";"1";"0";"0";"0";"0";"0"
"82633";"суппорт";"2900";"GC5D-33-990C";"1";"0";"0";"0";"0";"0"
"82632";"суппорт";"8500";"4773020540";"1";"0";"0";"0";"0";"0"
"82628";"суппорт";"5000";"45018SM4A00";"1";"0";"0";"0";"0";"0"
"79338";"Суппорт (Уценка!)";"7000";"4783042090";"1";"0";"0";"0";"0";"0"
"78551";"суппорт";"2000";"4605A263";"1";"0";"0";"0";"0";"0"
"78538";"суппорт";"4000";"440118H300";"1";"0";"0";"0";"0";"0"
"78533";"суппорт";"4700";"4775042040";"1";"0";"0";"0";"0";"0"
"78524";"суппорт";"800";"410112Y500";"1";"0";"0";"0";"0";"0"
"78508";"суппорт";"8000";"4773033381";"1";"0";"0";"0";"0";"0"
"78498";"суппорт";"1500";"D201-33-980";"1";"0";"0";"0";"0";"0"
"78495";"суппорт";"2000";"D201-33-990";"1";"0";"0";"0";"0";"0"
"78491";"суппорт";"8000";"4775033311";"1";"0";"0";"0";"0";"0"
"78464";"суппорт";"1500";"45019S0A941";"1";"0";"0";"0";"0";"0"
"78458";"суппорт";"6500";"4773028250";"1";"0";"0";"0";"0";"0"
"78425";"суппорт";"450";"41011AU001";"1";"0";"0";"0";"0";"0"
"73761";"суппорт";"5000";"4775042040";"1";"0";"0";"0";"0";"0"
"73757";"суппорт";"4500";"44011JG00A";"1";"0";"0";"0";"0";"0"
"73756";"суппорт";"4500";"44001JG00A";"1";"0";"0";"0";"0";"0"
"73738";"суппорт";"3000";"4775020480";"1";"0";"0";"0";"0";"0"
"73718";"суппорт";"2000";"43019S0KA01";"1";"0";"0";"0";"0";"0"
"73713";"суппорт";"1300";"4783033210";"1";"0";"0";"0";"0";"0"
"73712";"суппорт";"1400";"4785033210";"1";"0";"0";"0";"0";"0"
"68793";"суппорт";"5000";"4773042010";"1";"0";"0";"0";"0";"0"
"68696";"суппорт";"1200";"41001JN00A";"1";"0";"0";"0";"0";"0"
"67623";"суппорт";"1700";"410018H300";"1";"0";"0";"0";"0";"0"
"67618";"суппорт";"2000";"45018TF2J00";"1";"0";"0";"0";"0";"0"
"67614";"суппорт";"2000";"45019TF2J00";"1";"0";"0";"0";"0";"0"
"67613";"суппорт";"3200";"MR475867";"1";"0";"0";"0";"0";"0"
"64057";"суппорт";"4500";"47730F4020";"1";"0";"0";"0";"0";"0"
"64054";"суппорт";"7500";"4773048011";"1";"0";"0";"0";"0";"0"
"64052";"суппорт";"6700";"4775048011";"1";"0";"0";"0";"0";"0"
"64015";"суппорт";"4000";"4783010030";"1";"0";"0";"0";"0";"0"
"64014";"суппорт";"4600";"4785010030";"1";"0";"0";"0";"0";"0"
"63994";"суппорт";"600";"45018SDDA00";"1";"0";"0";"0";"0";"0"
"63987";"суппорт";"700";"410112Y000";"1";"0";"0";"0";"0";"0"
"63985";"суппорт";"2000";"43019S0KA01";"1";"0";"0";"0";"0";"0"
"63791";"суппорт";"4500";"26692AL010";"1";"0";"0";"0";"0";"0"
"63708";"суппорт";"2000";"43019T7A000";"1";"0";"0";"0";"0";"0"
"63707";"суппорт";"2000";"43018T7A000";"1";"0";"0";"0";"0";"0"
"63663";"суппорт";"3450";"44001AU00A";"1";"0";"0";"0";"0";"0"
"63131";"суппорт";"4500";"47750F4020";"1";"0";"0";"0";"0";"0"
"62707";"суппорт";"1500";"45019S5A013";"1";"0";"0";"0";"0";"0"
"60577";"суппорт";"2100";"47730-26122";"1";"0";"0";"0";"0";"0"
"60362";"суппорт";"1800";"26692AE030";"1";"0";"0";"0";"0";"0"
"60359";"суппорт";"1550";"4785072010";"1";"0";"0";"0";"0";"0"
"59993";"суппорт";"3000";"26292AE120";"1";"0";"0";"0";"0";"0"
"59488";"суппорт";"5000";"45019T6AJ01";"1";"0";"0";"0";"0";"0"
"59487";"суппорт";"2200";"4775020510";"1";"0";"0";"0";"0";"0"
"59478";"суппорт";"5220";"45018T6AJ01";"1";"0";"0";"0";"0";"0"
"58768";"суппорт";"2100";"4775026122";"1";"0";"0";"0";"0";"0"
"58727";"суппорт";"1550";"4783072010";"1";"0";"0";"0";"0";"0"
"58722";"суппорт";"22000";"KAY0-26-61XA";"1";"0";"0";"0";"0";"0"
"58720";"суппорт";"3500";"K011-33-61X";"1";"0";"0";"0";"0";"0"
"58685";"суппорт";"5000";"45019T7A000";"1";"0";"0";"0";"0";"0"
"58684";"суппорт";"5000";"45018T7A000";"1";"0";"0";"0";"0";"0"
"58672";"суппорт";"2500";"4775048140";"1";"0";"0";"0";"0";"0"
"58667";"суппорт";"3000";"K0Y1-33-99Z";"1";"0";"0";"0";"0";"0"
"55104";"Направляющая суппорта";"600";"D1139-71J0A";"1";"0";"0";"0";"0";"0"
"55101";"Направляющая суппорта";"500";"47743-20030";"1";"0";"0";"0";"0";"0"
"55093";"Направляющая суппорта";"550";"04952-02220";"1";"0";"0";"0";"0";"0"
"49175";"суппорт";"6500";"47750-48011";"1";"0";"0";"0";"0";"0"
"48539";"суппорт";"6000";"45018-S5A-003";"1";"0";"0";"0";"0";"0"
"47377";"суппорт";"6500";"55101-65D20-999";"1";"0";"0";"0";"0";"0"
"47376";"суппорт";"6000";"55102-65D20-999";"1";"0";"0";"0";"0";"0"
"40493";"суппорт";"1300";"41001JE00A";"1";"0";"0";"0";"0";"0"
"40486";"суппорт";"4700";"4775042040";"1";"0";"0";"0";"0";"0"
"40469";"суппорт";"6500";"5510265D10999";"1";"0";"0";"0";"0";"0"
"40088";"суппорт";"2200";"4775020481";"1";"0";"0";"0";"0";"0"
"40085";"суппорт";"6500";"5510165D10999";"1";"0";"0";"0";"0";"0"
"40057";"суппорт";"600";"41001-EN00B";"1";"0";"0";"0";"0";"0"
"39648";"суппорт";"3500";"45019-S3N-J00";"1";"0";"0";"0";"0";"0"
"39635";"суппорт";"1000";"4775042090";"1";"0";"0";"0";"0";"0"
"31977";"Ремкомплект суппорта";"280";"41120-4M425";"1";"0";"0";"0";"0";"0"
"31954";"Ремкомплект суппорта";"240";"04479-22130";"2";"0";"0";"0";"0";"0"
"31941";"Ремкомплект суппорта";"210";"01463-S2K-000";"1";"0";"0";"0";"0";"0"
"31937";"Поршень суппорта";"350";"4773120190";"1";"0";"0";"0";"0";"0"
"31921";"Ремкомплект суппорта";"260";"04479-02080";"2";"0";"0";"0";"0";"0"
"31794";"Ремкомплект суппорта";"200";"MR527979";"1";"0";"0";"0";"0";"0"
"31793";"Ремкомплект суппорта";"450";"MR527672";"1";"0";"0";"0";"0";"0"
"31792";"Ремкомплект суппорта";"200";"MR449853";"1";"0";"0";"0";"0";"0"
"31791";"Ремкомплект суппорта";"250";"MR407427";"1";"0";"0";"0";"0";"0"
"31789";"Ремкомплект суппорта";"300";"MR307786";"1";"0";"0";"0";"0";"0"
"31788";"Ремкомплект суппорта";"250";"MB858466";"1";"0";"0";"0";"0";"0"
"31785";"Ремкомплект суппорта";"200";"MB857612";"1";"0";"0";"0";"0";"0"
"31783";"Ремкомплект суппорта";"210";"MB699472";"1";"0";"0";"0";"0";"0"
"31782";"Ремкомплект суппорта";"450";"MB500811";"2";"0";"0";"0";"0";"0"
"31781";"Ремкомплект суппорта";"250";"GS1D-33-61X";"1";"0";"0";"0";"0";"0"
"31776";"Ремкомплект суппорта";"300";"D4120-AR000";"1";"0";"0";"0";"0";"0"
"31767";"Ремкомплект суппорта";"400";"D4120-01A01";"1";"0";"0";"0";"0";"0"
"31759";"Ремкомплект суппорта";"500";"D1120-JE00A";"1";"0";"0";"0";"0";"0"
"31752";"Ремкомплект суппорта";"620";"D1120-1LB0A";"1";"0";"0";"0";"0";"0"
"31749";"Ремкомплект суппорта";"200";"BPYK-33-26Z";"1";"0";"0";"0";"0";"0"
"31747";"Ремкомплект суппорта";"200";"BPYK-26-45ZA";"1";"0";"0";"0";"0";"0"
"31746";"Ремкомплект суппорта";"350";"AY620-NS014";"1";"0";"0";"0";"0";"0"
"31745";"Ремкомплект суппорта";"300";"58102-25A00";"1";"0";"0";"0";"0";"0"
"31740";"Ремкомплект суппорта";"250";"4605A262";"1";"0";"0";"0";"0";"0"
"31739";"Ремкомплект суппорта";"250";"4605A259";"1";"0";"0";"0";"0";"0"
"31737";"Ремкомплект суппорта";"400";"4439.39";"1";"0";"0";"0";"0";"0"
"31735";"Ремкомплект суппорта";"300";"44120-VC025";"1";"0";"0";"0";"0";"0"
"31727";"Ремкомплект суппорта";"300";"44120-8H325";"1";"0";"0";"0";"0";"0"
"31715";"Ремкомплект суппорта";"300";"4401.J7";"1";"0";"0";"0";"0";"0"
"31712";"Ремкомплект суппорта";"400";"41120-VW025";"1";"0";"0";"0";"0";"0"
"31706";"Ремкомплект суппорта";"300";"41120-VB225";"1";"0";"0";"0";"0";"0"
"31704";"Ремкомплект суппорта";"400";"41120-AG025";"1";"0";"0";"0";"0";"0"
"31703";"Ремкомплект суппорта";"370";"41120-4N026";"1";"0";"0";"0";"0";"0"
"31701";"Ремкомплект суппорта";"330";"41120-0V725";"2";"0";"0";"0";"0";"0"
"31699";"Ремкомплект суппорта";"390";"26297-AC000";"1";"0";"0";"0";"0";"0"
"31655";"Ремкомплект суппорта";"300";"04956-05010";"1";"0";"0";"0";"0";"0"
"31654";"Ремкомплект суппорта";"250";"04479-60270";"1";"0";"0";"0";"0";"0"
"31650";"Ремкомплект суппорта";"200";"04479-60250";"1";"0";"0";"0";"0";"0"
"31649";"Ремкомплект суппорта";"400";"04479-60081";"1";"0";"0";"0";"0";"0"
"31648";"Ремкомплект суппорта";"350";"04479-60060";"1";"0";"0";"0";"0";"0"
"31637";"Ремкомплект суппорта";"350";"04479-52010";"1";"0";"0";"0";"0";"0"
"31636";"Ремкомплект суппорта";"300";"04479-48110";"1";"0";"0";"0";"0";"0"
"31630";"Ремкомплект суппорта";"300";"04479-44030";"1";"0";"0";"0";"0";"0"
"31629";"Ремкомплект суппорта";"250";"04479-42040";"1";"0";"0";"0";"0";"0"
"31628";"Ремкомплект суппорта";"300";"04479-35040";"2";"0";"0";"0";"0";"0"
"31626";"Ремкомплект суппорта";"280";"04479-30231";"1";"0";"0";"0";"0";"0"
"31625";"Ремкомплект суппорта";"350";"04479-28110";"1";"0";"0";"0";"0";"0"
"31623";"Ремкомплект суппорта";"500";"04479-28031";"1";"0";"0";"0";"0";"0"
"31621";"Ремкомплект суппорта";"300";"04479-22140";"2";"0";"0";"0";"0";"0"
"31616";"Ремкомплект суппорта";"300";"04479-22100";"1";"0";"0";"0";"0";"0"
"31614";"Ремкомплект суппорта";"350";"04479-20330";"1";"0";"0";"0";"0";"0"
"31611";"Ремкомплект суппорта";"350";"04479-20300";"1";"0";"0";"0";"0";"0"
"31609";"Ремкомплект суппорта";"500";"04479-20281";"1";"0";"0";"0";"0";"0"
"31608";"Ремкомплект суппорта";"250";"04479-20180";"1";"0";"0";"0";"0";"0"
"31590";"Ремкомплект суппорта";"210";"04479-12230";"1";"0";"0";"0";"0";"0"
"31578";"Ремкомплект суппорта";"500";"04478-60070";"1";"0";"0";"0";"0";"0"
"31561";"Ремкомплект суппорта";"600";"04478-48150";"1";"0";"0";"0";"0";"0"
"31556";"Ремкомплект суппорта";"330";"04478-30250";"1";"0";"0";"0";"0";"0"
"31555";"Ремкомплект суппорта";"350";"04478-26030";"1";"0";"0";"0";"0";"0"
"31554";"Ремкомплект суппорта";"450";"04478-13020";"1";"0";"0";"0";"0";"0"
"31553";"Ремкомплект суппорта";"400";"04478-12060";"1";"0";"0";"0";"0";"0"
"31552";"Ремкомплект суппорта";"300";"04478-05090";"1";"0";"0";"0";"0";"0"
"31550";"Ремкомплект суппорта";"200";"01463-TL0-G50";"1";"0";"0";"0";"0";"0"
"31538";"Ремкомплект суппорта";"250";"01463-SR3-000";"1";"0";"0";"0";"0";"0"
"31536";"Ремкомплект суппорта";"200";"01463-S9A-A00";"1";"0";"0";"0";"0";"0"
"31535";"Ремкомплект суппорта";"700";"01463-S9A-000";"1";"0";"0";"0";"0";"0"
"31530";"Поршень суппорта";"350";"MB857613";"1";"0";"0";"0";"0";"0"
"31529";"Поршень суппорта";"450";"41121-1LB0A";"1";"0";"0";"0";"0";"0"
"31528";"Поршень суппорта";"300";"41121-VC200";"1";"0";"0";"0";"0";"0"
"31526";"Поршень суппорта";"300";"477310E030";"1";"0";"0";"0";"0";"0"
"31525";"Поршень суппорта";"350";"47731-48150";"1";"0";"0";"0";"0";"0"
"31522";"Поршень суппорта";"400";"47731-28080";"2";"0";"0";"0";"0";"0"
"31519";"Поршень суппорта";"350";"581120Z000";"1";"0";"0";"0";"0";"0"
"31515";"Поршень суппорта";"450";"MR527545";"2";"0";"0";"0";"0";"0"
"31509";"Поршень суппорта";"450";"MB699692";"2";"0";"0";"0";"0";"0"
"31507";"Поршень суппорта";"400";"41121-JE00A";"2";"0";"0";"0";"0";"0"
"31505";"Поршень суппорта";"380";"47731-28040";"2";"0";"0";"0";"0";"0"
"31490";"Поршень суппорта";"350";"4605A221";"1";"0";"0";"0";"0";"0"
"31456";"Поршень суппорта";"350";"5510077E00";"1";"0";"0";"0";"0";"0"
"31452";"Поршень суппорта";"350";"4773120260";"1";"0";"0";"0";"0";"0"
"31447";"Поршень суппорта";"400";"5811228300";"1";"0";"0";"0";"0";"0"
"31423";"Поршень суппорта";"350";"4112140F00";"1";"0";"0";"0";"0";"0"
"31421";"Поршень суппорта";"550";"4773112170";"1";"0";"0";"0";"0";"0"
"31420";"Поршень суппорта";"350";"4412605J00";"1";"0";"0";"0";"0";"0"
"31418";"Поршень суппорта";"250";"47831-60080";"1";"0";"0";"0";"0";"0"
"31417";"Поршень суппорта";"300";"582353E200";"1";"0";"0";"0";"0";"0"
"31416";"Поршень суппорта";"300";"411210W700";"1";"0";"0";"0";"0";"0"
"31415";"Поршень суппорта";"400";"5811237500";"3";"0";"0";"0";"0";"0"
"31413";"Поршень суппорта";"300";"4112109G02";"2";"0";"0";"0";"0";"0"
"31387";"Поршень суппорта";"250";"47731-0K060";"1";"0";"0";"0";"0";"0"
"31385";"Поршень суппорта";"200";"47731-35050";"1";"0";"0";"0";"0";"0"
"31377";"Поршень суппорта";"300";"47731-48050";"1";"0";"0";"0";"0";"0"
"31375";"Поршень суппорта";"350";"41121-1E000";"1";"0";"0";"0";"0";"0"
"31360";"Поршень суппорта";"300";"47731-48010";"1";"0";"0";"0";"0";"0"
"31359";"Поршень суппорта";"400";"43215SWWG01";"1";"0";"0";"0";"0";"0"
"31247";"Поршень суппорта";"300";"4783133210";"1";"0";"0";"0";"0";"0"
"31244";"Поршень суппорта";"300";"44126JA01A";"2";"0";"0";"0";"0";"0"
"31237";"Поршень суппорта";"490";"58213-0U000";"1";"0";"0";"0";"0";"0"
"31218";"Поршень суппорта";"250";"58235-2H000";"1";"0";"0";"0";"0";"0"
"31217";"Поршень суппорта";"250";"43012ST3E00";"1";"0";"0";"0";"0";"0"
"31213";"Поршень суппорта";"450";"4773106220";"1";"0";"0";"0";"0";"0"
"31211";"Поршень суппорта";"300";"47731-60070";"1";"0";"0";"0";"0";"0"
"31208";"Поршень суппорта";"350";"47731-60040";"1";"0";"0";"0";"0";"0"
"31091";"Ремкомплект суппорта";"250";"01463-SM4-A00";"1";"0";"0";"0";"0";"0"
"30772";"Ремкомплект суппорта";"300";"01463-SM4-A00";"1";"0";"0";"0";"0";"0"
"28666";"суппорт";"6500";"55101-65D20-999";"1";"0";"0";"0";"0";"0"
"28665";"суппорт";"2500";"4775020480";"0";"1";"0";"0";"0";"0"
"28140";"суппорт";"2500";"4775020481";"0";"1";"0";"0";"0";"0"
"28139";"суппорт";"2500";"4775020481";"0";"1";"0";"0";"0";"0"
"28093";"суппорт";"1100";"4605A258";"1";"0";"0";"0";"0";"0"
"22322";"суппорт";"291";"4775052191";"1";"0";"0";"0";"0";"0"
"22150";"суппорт";"2500";"4775020481";"0";"1";"0";"0";"0";"0"
"15832";"суппорт";"418";"BPYK-33-71XA";"1";"0";"0";"0";"0";"0"
"15647";"суппорт";"2500";"4775020481";"0";"1";"0";"0";"0";"0"
"15276";"суппорт";"450";"41001-AU001";"1";"0";"0";"0";"0";"0"
"15269";"суппорт";"450";"41001AU001";"1";"0";"0";"0";"0";"0"
"15239";"суппорт";"2500";"47750-20481";"0";"1";"0";"0";"0";"0"
"8999";"суппорт";"7050";"47730-21010";"1";"0";"0";"0";"0";"0"
"8925";"суппорт";"2000";"43019-S0K-A01";"1";"0";"0";"0";"0";"0"
